3,8,T0stVlFuhLpcjqPhQy0WsMyk0aU=,0Gap4I7RTNbhPmF5Tye1h9CexOQ=
3,9,T0stVlFuhLpcjqPhQy0WsMyk0aU=,0Gap4I7RTNbhPmF5Tye1h9CexOQ=
2,8,T0stVlFuhLpcjqPhQy0WsMyk0aU=,0Gap4I7RTNbhPmF5Tye1h9CexOQ=
2,9,T0stVlFuhLpcjqPhQy0WsMyk0aU=,0Gap4I7RTNbhPmF5Tye1h9CexOQ=
4,7,T0stVlFuhLpcjqPhQy0WsMyk0aU=,s0ZV9JKF8RmcO0EVkrbALSAXJas=
2,6,T0stVlFuhLpcjqPhQy0WsMyk0aU=,/M8Ve5tqq/mEW6DkUut3WKQn/0Y=
5,7,VZe+WXxHR14c3KI2eH6NDD2MmXw=,s0ZV9JKF8RmcO0EVkrbALSAXJas=
3,7,VZe+WXxHR14c3KI2eH6NDD2MmXw=,/M8Ve5tqq/mEW6DkUut3WKQn/0Y=
4,9,VZe+WXxHR14c3KI2eH6NDD2MmXw=,fd3WCM6936C3attunnFOAq1eVMc=
5,6,VZe+WXxHR14c3KI2eH6NDD2MmXw=,s0ZV9JKF8RmcO0EVkrbALSAXJas=
4,8,VZe+WXxHR14c3KI2eH6NDD2MmXw=,fd3WCM6936C3attunnFOAq1eVMc=
2,7,VZe+WXxHR14c3KI2eH6NDD2MmXw=,/M8Ve5tqq/mEW6DkUut3WKQn/0Y=
5,9,VZe+WXxHR14c3KI2eH6NDD2MmXw=,fd3WCM6936C3attunnFOAq1eVMc=
5,8,VZe+WXxHR14c3KI2eH6NDD2MmXw=,fd3WCM6936C3attunnFOAq1eVMc=
3,6,VZe+WXxHR14c3KI2eH6NDD2MmXw=,/M8Ve5tqq/mEW6DkUut3WKQn/0Y=
4,6,VZe+WXxHR14c3KI2eH6NDD2MmXw=,s0ZV9JKF8RmcO0EVkrbALSAXJas=
7,9,aMFccV4H4R15P8G3a6naEgt/U6g=,fd3WCM6936C3attunnFOAq1eVMc=
7,8,aMFccV4H4R15P8G3a6naEgt/U6g=,fd3WCM6936C3attunnFOAq1eVMc=
9,9,03OtR1M0wULPgQ3bTN27ke7nRuM=,pM2+cl/N9xWHpoftX6ND5ZpL2I8=
8,9,03OtR1M0wULPgQ3bTN27ke7nRuM=,pM2+cl/N9xWHpoftX6ND5ZpL2I8=
9,8,03OtR1M0wULPgQ3bTN27ke7nRuM=,pM2+cl/N9xWHpoftX6ND5ZpL2I8=
8,8,03OtR1M0wULPgQ3bTN27ke7nRuM=,pM2+cl/N9xWHpoftX6ND5ZpL2I8=
6,6,03OtR1M0wULPgQ3bTN27ke7nRuM=,s0ZV9JKF8RmcO0EVkrbALSAXJas=
6,8,3fBfAb/opyaVCoEm/xILMO7hcqc=,fd3WCM6936C3attunnFOAq1eVMc=
7,7,3fBfAb/opyaVCoEm/xILMO7hcqc=,s0ZV9JKF8RmcO0EVkrbALSAXJas=
6,9,3fBfAb/opyaVCoEm/xILMO7hcqc=,fd3WCM6936C3attunnFOAq1eVMc=
9,7,3fBfAb/opyaVCoEm/xILMO7hcqc=,g210zeZFGAMJ0vDi0lIQWjYb1c8=
8,6,3fBfAb/opyaVCoEm/xILMO7hcqc=,g210zeZFGAMJ0vDi0lIQWjYb1c8=
7,6,3fBfAb/opyaVCoEm/xILMO7hcqc=,s0ZV9JKF8RmcO0EVkrbALSAXJas=
8,7,3fBfAb/opyaVCoEm/xILMO7hcqc=,g210zeZFGAMJ0vDi0lIQWjYb1c8=
6,7,3fBfAb/opyaVCoEm/xILMO7hcqc=,s0ZV9JKF8RmcO0EVkrbALSAXJas=
9,6,3fBfAb/opyaVCoEm/xILMO7hcqc=,g210zeZFGAMJ0vDi0lIQWjYb1c8=
9,5,GiH/ZuzQff8Hzd7zwMCdiMqu60o=,g210zeZFGAMJ0vDi0lIQWjYb1c8=
7,5,GiH/ZuzQff8Hzd7zwMCdiMqu60o=,s0ZV9JKF8RmcO0EVkrbALSAXJas=
8,5,GiH/ZuzQff8Hzd7zwMCdiMqu60o=,g210zeZFGAMJ0vDi0lIQWjYb1c8=
7,3,GiH/ZuzQff8Hzd7zwMCdiMqu60o=,GcoqZw5mbaT07WpmKiTX/hZf/Gg=
6,5,7kHHUrCS2C3/kmXwwz+39ScXQSM=,s0ZV9JKF8RmcO0EVkrbALSAXJas=
9,4,7kHHUrCS2C3/kmXwwz+39ScXQSM=,g210zeZFGAMJ0vDi0lIQWjYb1c8=
6,0,7kHHUrCS2C3/kmXwwz+39ScXQSM=,GcoqZw5mbaT07WpmKiTX/hZf/Gg=
7,0,7kHHUrCS2C3/kmXwwz+39ScXQSM=,GcoqZw5mbaT07WpmKiTX/hZf/Gg=
7,1,7kHHUrCS2C3/kmXwwz+39ScXQSM=,GcoqZw5mbaT07WpmKiTX/hZf/Gg=
7,4,7kHHUrCS2C3/kmXwwz+39ScXQSM=,s0ZV9JKF8RmcO0EVkrbALSAXJas=
6,1,7kHHUrCS2C3/kmXwwz+39ScXQSM=,GcoqZw5mbaT07WpmKiTX/hZf/Gg=
6,3,7kHHUrCS2C3/kmXwwz+39ScXQSM=,GcoqZw5mbaT07WpmKiTX/hZf/Gg=
6,4,7kHHUrCS2C3/kmXwwz+39ScXQSM=,s0ZV9JKF8RmcO0EVkrbALSAXJas=
6,2,7kHHUrCS2C3/kmXwwz+39ScXQSM=,GcoqZw5mbaT07WpmKiTX/hZf/Gg=
7,2,7kHHUrCS2C3/kmXwwz+39ScXQSM=,GcoqZw5mbaT07WpmKiTX/hZf/Gg=
9,1,7kHHUrCS2C3/kmXwwz+39ScXQSM=,s3MWYtR4b1gj/awTzJUUJY7MAew=
8,1,7kHHUrCS2C3/kmXwwz+39ScXQSM=,s3MWYtR4b1gj/awTzJUUJY7MAew=
9,0,7kHHUrCS2C3/kmXwwz+39ScXQSM=,s3MWYtR4b1gj/awTzJUUJY7MAew=
8,4,7kHHUrCS2C3/kmXwwz+39ScXQSM=,g210zeZFGAMJ0vDi0lIQWjYb1c8=
8,0,7kHHUrCS2C3/kmXwwz+39ScXQSM=,s3MWYtR4b1gj/awTzJUUJY7MAew=
9,2,7kHHUrCS2C3/kmXwwz+39ScXQSM=,s3MWYtR4b1gj/awTzJUUJY7MAew=
8,3,7kHHUrCS2C3/kmXwwz+39ScXQSM=,s3MWYtR4b1gj/awTzJUUJY7MAew=
8,2,7kHHUrCS2C3/kmXwwz+39ScXQSM=,s3MWYtR4b1gj/awTzJUUJY7MAew=
9,3,7kHHUrCS2C3/kmXwwz+39ScXQSM=,s3MWYtR4b1gj/awTzJUUJY7MAew=
2,3,7R8XpvhzQvQrMuCD9B3NUSiT12E=,EImPtEwYy2ddZEhIlQ080XKNZ30=
3,3,7R8XpvhzQvQrMuCD9B3NUSiT12E=,EImPtEwYy2ddZEhIlQ080XKNZ30=
3,4,XvPpH+i/Xf/Er2Uet3UWZpuKf70=,/M8Ve5tqq/mEW6DkUut3WKQn/0Y=
3,2,gbpDocuxzj5OzD1FyASrxJB6jUA=,EImPtEwYy2ddZEhIlQ080XKNZ30=
4,2,XvPpH+i/Xf/Er2Uet3UWZpuKf70=,GcoqZw5mbaT07WpmKiTX/hZf/Gg=
3,5,XvPpH+i/Xf/Er2Uet3UWZpuKf70=,/M8Ve5tqq/mEW6DkUut3WKQn/0Y=
5,3,XvPpH+i/Xf/Er2Uet3UWZpuKf70=,GcoqZw5mbaT07WpmKiTX/hZf/Gg=
2,5,XvPpH+i/Xf/Er2Uet3UWZpuKf70=,/M8Ve5tqq/mEW6DkUut3WKQn/0Y=
5,4,XvPpH+i/Xf/Er2Uet3UWZpuKf70=,s0ZV9JKF8RmcO0EVkrbALSAXJas=
2,2,gbpDocuxzj5OzD1FyASrxJB6jUA=,EImPtEwYy2ddZEhIlQ080XKNZ30=
5,5,XvPpH+i/Xf/Er2Uet3UWZpuKf70=,s0ZV9JKF8RmcO0EVkrbALSAXJas=
4,3,XvPpH+i/Xf/Er2Uet3UWZpuKf70=,GcoqZw5mbaT07WpmKiTX/hZf/Gg=
5,2,XvPpH+i/Xf/Er2Uet3UWZpuKf70=,GcoqZw5mbaT07WpmKiTX/hZf/Gg=
4,5,XvPpH+i/Xf/Er2Uet3UWZpuKf70=,s0ZV9JKF8RmcO0EVkrbALSAXJas=
4,4,XvPpH+i/Xf/Er2Uet3UWZpuKf70=,s0ZV9JKF8RmcO0EVkrbALSAXJas=
2,4,XvPpH+i/Xf/Er2Uet3UWZpuKf70=,/M8Ve5tqq/mEW6DkUut3WKQn/0Y=
10,2,8Q2vRJrT17+lEW1xmsr7jFZSx1k=,s3MWYtR4b1gj/awTzJUUJY7MAew=
10,3,8Q2vRJrT17+lEW1xmsr7jFZSx1k=,s3MWYtR4b1gj/awTzJUUJY7MAew=
11,3,8Q2vRJrT17+lEW1xmsr7jFZSx1k=,s3MWYtR4b1gj/awTzJUUJY7MAew=
11,4,8Q2vRJrT17+lEW1xmsr7jFZSx1k=,g210zeZFGAMJ0vDi0lIQWjYb1c8=
11,2,8Q2vRJrT17+lEW1xmsr7jFZSx1k=,s3MWYtR4b1gj/awTzJUUJY7MAew=
10,4,8Q2vRJrT17+lEW1xmsr7jFZSx1k=,g210zeZFGAMJ0vDi0lIQWjYb1c8=
10,5,8Q2vRJrT17+lEW1xmsr7jFZSx1k=,g210zeZFGAMJ0vDi0lIQWjYb1c8=
12,2,8Q2vRJrT17+lEW1xmsr7jFZSx1k=,fOVW8GzF2owHLgXS14VDMDrxYeg=
11,5,8Q2vRJrT17+lEW1xmsr7jFZSx1k=,g210zeZFGAMJ0vDi0lIQWjYb1c8=
12,5,8Q2vRJrT17+lEW1xmsr7jFZSx1k=,inwxJlfXxUNfySNIIc1epSd36/8=
13,5,8Q2vRJrT17+lEW1xmsr7jFZSx1k=,inwxJlfXxUNfySNIIc1epSd36/8=
13,2,8Q2vRJrT17+lEW1xmsr7jFZSx1k=,fOVW8GzF2owHLgXS14VDMDrxYeg=
13,4,8Q2vRJrT17+lEW1xmsr7jFZSx1k=,inwxJlfXxUNfySNIIc1epSd36/8=
13,3,8Q2vRJrT17+lEW1xmsr7jFZSx1k=,fOVW8GzF2owHLgXS14VDMDrxYeg=
12,4,8Q2vRJrT17+lEW1xmsr7jFZSx1k=,inwxJlfXxUNfySNIIc1epSd36/8=
12,3,8Q2vRJrT17+lEW1xmsr7jFZSx1k=,fOVW8GzF2owHLgXS14VDMDrxYeg=
2,0,7R8XpvhzQvQrMuCD9B3NUSiT12E=,EImPtEwYy2ddZEhIlQ080XKNZ30=
2,1,7R8XpvhzQvQrMuCD9B3NUSiT12E=,EImPtEwYy2ddZEhIlQ080XKNZ30=
5,0,8Q2vRJrT17+lEW1xmsr7jFZSx1k=,GcoqZw5mbaT07WpmKiTX/hZf/Gg=
3,0,7R8XpvhzQvQrMuCD9B3NUSiT12E=,EImPtEwYy2ddZEhIlQ080XKNZ30=
3,1,7R8XpvhzQvQrMuCD9B3NUSiT12E=,EImPtEwYy2ddZEhIlQ080XKNZ30=
4,1,NhMt2umUIzXRWkvuFjNoifGF0Z4=,GcoqZw5mbaT07WpmKiTX/hZf/Gg=
4,0,NhMt2umUIzXRWkvuFjNoifGF0Z4=,GcoqZw5mbaT07WpmKiTX/hZf/Gg=
5,1,NhMt2umUIzXRWkvuFjNoifGF0Z4=,GcoqZw5mbaT07WpmKiTX/hZf/Gg=
13,1,exL3zkA+EXL88GQz8XMiQlfCKb0=,fOVW8GzF2owHLgXS14VDMDrxYeg=
11,0,exL3zkA+EXL88GQz8XMiQlfCKb0=,s3MWYtR4b1gj/awTzJUUJY7MAew=
10,0,exL3zkA+EXL88GQz8XMiQlfCKb0=,s3MWYtR4b1gj/awTzJUUJY7MAew=
12,0,exL3zkA+EXL88GQz8XMiQlfCKb0=,fOVW8GzF2owHLgXS14VDMDrxYeg=
11,1,exL3zkA+EXL88GQz8XMiQlfCKb0=,s3MWYtR4b1gj/awTzJUUJY7MAew=
10,1,exL3zkA+EXL88GQz8XMiQlfCKb0=,s3MWYtR4b1gj/awTzJUUJY7MAew=
12,1,exL3zkA+EXL88GQz8XMiQlfCKb0=,fOVW8GzF2owHLgXS14VDMDrxYeg=
13,0,exL3zkA+EXL88GQz8XMiQlfCKb0=,fOVW8GzF2owHLgXS14VDMDrxYeg=
9,11,ABRlWwdLTuC87bggw5Zb989y+9Y=,pM2+cl/N9xWHpoftX6ND5ZpL2I8=
7,11,ABRlWwdLTuC87bggw5Zb989y+9Y=,fd3WCM6936C3attunnFOAq1eVMc=
7,10,ABRlWwdLTuC87bggw5Zb989y+9Y=,fd3WCM6936C3attunnFOAq1eVMc=
7,12,ABRlWwdLTuC87bggw5Zb989y+9Y=,ufKk051oeDZFJcfHYagvpKICkgA=
7,13,ABRlWwdLTuC87bggw5Zb989y+9Y=,ufKk051oeDZFJcfHYagvpKICkgA=
6,12,ABRlWwdLTuC87bggw5Zb989y+9Y=,ufKk051oeDZFJcfHYagvpKICkgA=
9,10,ABRlWwdLTuC87bggw5Zb989y+9Y=,pM2+cl/N9xWHpoftX6ND5ZpL2I8=
8,10,ABRlWwdLTuC87bggw5Zb989y+9Y=,pM2+cl/N9xWHpoftX6ND5ZpL2I8=
6,11,ABRlWwdLTuC87bggw5Zb989y+9Y=,fd3WCM6936C3attunnFOAq1eVMc=
6,13,ABRlWwdLTuC87bggw5Zb989y+9Y=,ufKk051oeDZFJcfHYagvpKICkgA=
8,11,ABRlWwdLTuC87bggw5Zb989y+9Y=,pM2+cl/N9xWHpoftX6ND5ZpL2I8=
6,10,ABRlWwdLTuC87bggw5Zb989y+9Y=,fd3WCM6936C3attunnFOAq1eVMc=
0,4,Fg8DqlqatqDe2ntH7e+SYc9IZk0=,/M8Ve5tqq/mEW6DkUut3WKQn/0Y=
1,3,gbpDocuxzj5OzD1FyASrxJB6jUA=,EImPtEwYy2ddZEhIlQ080XKNZ30=
1,2,gbpDocuxzj5OzD1FyASrxJB6jUA=,EImPtEwYy2ddZEhIlQ080XKNZ30=
0,5,IvdGrCaBGx19iAHR0sSVxOJxKVA=,/M8Ve5tqq/mEW6DkUut3WKQn/0Y=
1,4,IvdGrCaBGx19iAHR0sSVxOJxKVA=,/M8Ve5tqq/mEW6DkUut3WKQn/0Y=
1,5,IvdGrCaBGx19iAHR0sSVxOJxKVA=,/M8Ve5tqq/mEW6DkUut3WKQn/0Y=
0,2,gbpDocuxzj5OzD1FyASrxJB6jUA=,EImPtEwYy2ddZEhIlQ080XKNZ30=
0,3,gbpDocuxzj5OzD1FyASrxJB6jUA=,EImPtEwYy2ddZEhIlQ080XKNZ30=
1,8,Kd8zuq1OEu927hl9B8f/3Yby/mI=,0Gap4I7RTNbhPmF5Tye1h9CexOQ=
1,6,Kd8zuq1OEu927hl9B8f/3Yby/mI=,/M8Ve5tqq/mEW6DkUut3WKQn/0Y=
1,7,Kd8zuq1OEu927hl9B8f/3Yby/mI=,/M8Ve5tqq/mEW6DkUut3WKQn/0Y=
0,6,Kd8zuq1OEu927hl9B8f/3Yby/mI=,/M8Ve5tqq/mEW6DkUut3WKQn/0Y=
0,7,Kd8zuq1OEu927hl9B8f/3Yby/mI=,/M8Ve5tqq/mEW6DkUut3WKQn/0Y=
1,9,Kd8zuq1OEu927hl9B8f/3Yby/mI=,0Gap4I7RTNbhPmF5Tye1h9CexOQ=
0,8,Kd8zuq1OEu927hl9B8f/3Yby/mI=,0Gap4I7RTNbhPmF5Tye1h9CexOQ=
0,9,Kd8zuq1OEu927hl9B8f/3Yby/mI=,0Gap4I7RTNbhPmF5Tye1h9CexOQ=
13,7,Kd8zuq1OEu927hl9B8f/3Yby/mI=,inwxJlfXxUNfySNIIc1epSd36/8=
11,9,HFPt3jtoIA/0YoMRDPbjdLY64ho=,pM2+cl/N9xWHpoftX6ND5ZpL2I8=
10,9,HFPt3jtoIA/0YoMRDPbjdLY64ho=,pM2+cl/N9xWHpoftX6ND5ZpL2I8=
11,8,HFPt3jtoIA/0YoMRDPbjdLY64ho=,pM2+cl/N9xWHpoftX6ND5ZpL2I8=
10,8,HFPt3jtoIA/0YoMRDPbjdLY64ho=,pM2+cl/N9xWHpoftX6ND5ZpL2I8=
11,6,HFPt3jtoIA/0YoMRDPbjdLY64ho=,g210zeZFGAMJ0vDi0lIQWjYb1c8=
11,7,HFPt3jtoIA/0YoMRDPbjdLY64ho=,g210zeZFGAMJ0vDi0lIQWjYb1c8=
12,6,HFPt3jtoIA/0YoMRDPbjdLY64ho=,inwxJlfXxUNfySNIIc1epSd36/8=
10,7,HFPt3jtoIA/0YoMRDPbjdLY64ho=,g210zeZFGAMJ0vDi0lIQWjYb1c8=
12,7,HFPt3jtoIA/0YoMRDPbjdLY64ho=,inwxJlfXxUNfySNIIc1epSd36/8=
13,6,HFPt3jtoIA/0YoMRDPbjdLY64ho=,inwxJlfXxUNfySNIIc1epSd36/8=
10,6,HFPt3jtoIA/0YoMRDPbjdLY64ho=,g210zeZFGAMJ0vDi0lIQWjYb1c8=
11,10,HFPt3jtoIA/0YoMRDPbjdLY64ho=,pM2+cl/N9xWHpoftX6ND5ZpL2I8=
11,11,HFPt3jtoIA/0YoMRDPbjdLY64ho=,pM2+cl/N9xWHpoftX6ND5ZpL2I8=
10,11,HFPt3jtoIA/0YoMRDPbjdLY64ho=,pM2+cl/N9xWHpoftX6ND5ZpL2I8=
10,10,HFPt3jtoIA/0YoMRDPbjdLY64ho=,pM2+cl/N9xWHpoftX6ND5ZpL2I8=
6,14,HFPt3jtoIA/0YoMRDPbjdLY64ho=,ufKk051oeDZFJcfHYagvpKICkgA=
7,15,HFPt3jtoIA/0YoMRDPbjdLY64ho=,ufKk051oeDZFJcfHYagvpKICkgA=
6,15,HFPt3jtoIA/0YoMRDPbjdLY64ho=,ufKk051oeDZFJcfHYagvpKICkgA=
7,14,HFPt3jtoIA/0YoMRDPbjdLY64ho=,ufKk051oeDZFJcfHYagvpKICkgA=
14,4,2kRkKUKIkWlLhLDCECEFk2TbGh0=,inwxJlfXxUNfySNIIc1epSd36/8=
14,6,2kRkKUKIkWlLhLDCECEFk2TbGh0=,inwxJlfXxUNfySNIIc1epSd36/8=
15,4,2kRkKUKIkWlLhLDCECEFk2TbGh0=,inwxJlfXxUNfySNIIc1epSd36/8=
14,7,2kRkKUKIkWlLhLDCECEFk2TbGh0=,inwxJlfXxUNfySNIIc1epSd36/8=
15,6,2kRkKUKIkWlLhLDCECEFk2TbGh0=,inwxJlfXxUNfySNIIc1epSd36/8=
15,7,2kRkKUKIkWlLhLDCECEFk2TbGh0=,inwxJlfXxUNfySNIIc1epSd36/8=
15,3,2kRkKUKIkWlLhLDCECEFk2TbGh0=,fOVW8GzF2owHLgXS14VDMDrxYeg=
14,5,ghD4xMgcDIzlb1OZYgS4zMhKrOo=,inwxJlfXxUNfySNIIc1epSd36/8=
15,5,ghD4xMgcDIzlb1OZYgS4zMhKrOo=,inwxJlfXxUNfySNIIc1epSd36/8=
14,3,ghD4xMgcDIzlb1OZYgS4zMhKrOo=,fOVW8GzF2owHLgXS14VDMDrxYeg=
14,2,ghD4xMgcDIzlb1OZYgS4zMhKrOo=,fOVW8GzF2owHLgXS14VDMDrxYeg=
15,2,ghD4xMgcDIzlb1OZYgS4zMhKrOo=,fOVW8GzF2owHLgXS14VDMDrxYeg=
1,0,7R8XpvhzQvQrMuCD9B3NUSiT12E=,EImPtEwYy2ddZEhIlQ080XKNZ30=
1,1,7R8XpvhzQvQrMuCD9B3NUSiT12E=,EImPtEwYy2ddZEhIlQ080XKNZ30=
0,0,gbpDocuxzj5OzD1FyASrxJB6jUA=,EImPtEwYy2ddZEhIlQ080XKNZ30=
15,1,18s2jiK+NCWz8T3EbEOmLdkpIw8=,fOVW8GzF2owHLgXS14VDMDrxYeg=
14,1,18s2jiK+NCWz8T3EbEOmLdkpIw8=,fOVW8GzF2owHLgXS14VDMDrxYeg=
15,0,18s2jiK+NCWz8T3EbEOmLdkpIw8=,fOVW8GzF2owHLgXS14VDMDrxYeg=
0,1,gbpDocuxzj5OzD1FyASrxJB6jUA=,EImPtEwYy2ddZEhIlQ080XKNZ30=
14,0,AgDArkWwQP/ADVU67wrfR+WUaUM=,fOVW8GzF2owHLgXS14VDMDrxYeg=
4,14,lM97OjRIuQRz40QbQ4DdvCvNfmE=,ufKk051oeDZFJcfHYagvpKICkgA=
3,15,lM97OjRIuQRz40QbQ4DdvCvNfmE=,KBAnUuU0H/mJ4Gr1Swe3NDaZvdA=
2,11,lM97OjRIuQRz40QbQ4DdvCvNfmE=,0Gap4I7RTNbhPmF5Tye1h9CexOQ=
3,14,lM97OjRIuQRz40QbQ4DdvCvNfmE=,KBAnUuU0H/mJ4Gr1Swe3NDaZvdA=
2,14,lM97OjRIuQRz40QbQ4DdvCvNfmE=,KBAnUuU0H/mJ4Gr1Swe3NDaZvdA=
3,13,lM97OjRIuQRz40QbQ4DdvCvNfmE=,KBAnUuU0H/mJ4Gr1Swe3NDaZvdA=
2,10,lM97OjRIuQRz40QbQ4DdvCvNfmE=,0Gap4I7RTNbhPmF5Tye1h9CexOQ=
0,12,lM97OjRIuQRz40QbQ4DdvCvNfmE=,KBAnUuU0H/mJ4Gr1Swe3NDaZvdA=
5,10,lM97OjRIuQRz40QbQ4DdvCvNfmE=,fd3WCM6936C3attunnFOAq1eVMc=
0,13,lM97OjRIuQRz40QbQ4DdvCvNfmE=,KBAnUuU0H/mJ4Gr1Swe3NDaZvdA=
2,15,CBaRL1OJSrmvFKjNy4TSdqVaMLs=,KBAnUuU0H/mJ4Gr1Swe3NDaZvdA=
1,13,CBaRL1OJSrmvFKjNy4TSdqVaMLs=,KBAnUuU0H/mJ4Gr1Swe3NDaZvdA=
5,11,CBaRL1OJSrmvFKjNy4TSdqVaMLs=,fd3WCM6936C3attunnFOAq1eVMc=
3,10,CBaRL1OJSrmvFKjNy4TSdqVaMLs=,0Gap4I7RTNbhPmF5Tye1h9CexOQ=
3,12,CBaRL1OJSrmvFKjNy4TSdqVaMLs=,KBAnUuU0H/mJ4Gr1Swe3NDaZvdA=
1,10,CBaRL1OJSrmvFKjNy4TSdqVaMLs=,0Gap4I7RTNbhPmF5Tye1h9CexOQ=
0,11,CBaRL1OJSrmvFKjNy4TSdqVaMLs=,0Gap4I7RTNbhPmF5Tye1h9CexOQ=
0,15,CBaRL1OJSrmvFKjNy4TSdqVaMLs=,KBAnUuU0H/mJ4Gr1Swe3NDaZvdA=
2,13,CBaRL1OJSrmvFKjNy4TSdqVaMLs=,KBAnUuU0H/mJ4Gr1Swe3NDaZvdA=
1,15,CBaRL1OJSrmvFKjNy4TSdqVaMLs=,KBAnUuU0H/mJ4Gr1Swe3NDaZvdA=
5,14,CBaRL1OJSrmvFKjNy4TSdqVaMLs=,ufKk051oeDZFJcfHYagvpKICkgA=
4,10,CBaRL1OJSrmvFKjNy4TSdqVaMLs=,fd3WCM6936C3attunnFOAq1eVMc=
4,15,CBaRL1OJSrmvFKjNy4TSdqVaMLs=,ufKk051oeDZFJcfHYagvpKICkgA=
5,15,CBaRL1OJSrmvFKjNy4TSdqVaMLs=,ufKk051oeDZFJcfHYagvpKICkgA=
4,13,CBaRL1OJSrmvFKjNy4TSdqVaMLs=,ufKk051oeDZFJcfHYagvpKICkgA=
1,11,CBaRL1OJSrmvFKjNy4TSdqVaMLs=,0Gap4I7RTNbhPmF5Tye1h9CexOQ=
0,10,CBaRL1OJSrmvFKjNy4TSdqVaMLs=,0Gap4I7RTNbhPmF5Tye1h9CexOQ=
3,11,CBaRL1OJSrmvFKjNy4TSdqVaMLs=,0Gap4I7RTNbhPmF5Tye1h9CexOQ=
5,13,CBaRL1OJSrmvFKjNy4TSdqVaMLs=,ufKk051oeDZFJcfHYagvpKICkgA=
5,12,CBaRL1OJSrmvFKjNy4TSdqVaMLs=,ufKk051oeDZFJcfHYagvpKICkgA=
4,11,CBaRL1OJSrmvFKjNy4TSdqVaMLs=,fd3WCM6936C3attunnFOAq1eVMc=
4,12,CBaRL1OJSrmvFKjNy4TSdqVaMLs=,ufKk051oeDZFJcfHYagvpKICkgA=
1,14,CBaRL1OJSrmvFKjNy4TSdqVaMLs=,KBAnUuU0H/mJ4Gr1Swe3NDaZvdA=
0,14,EA7znd0paXKfh4/WIgt8GTYHYyU=,KBAnUuU0H/mJ4Gr1Swe3NDaZvdA=
1,12,EA7znd0paXKfh4/WIgt8GTYHYyU=,KBAnUuU0H/mJ4Gr1Swe3NDaZvdA=
2,12,EA7znd0paXKfh4/WIgt8GTYHYyU=,KBAnUuU0H/mJ4Gr1Swe3NDaZvdA=
4,26,XH2dMNBXOtWnseO7K4BTjcn5rOQ=,hfWPds3x/2Do7b9bMc89MklGzo4=
5,29,XH2dMNBXOtWnseO7K4BTjcn5rOQ=,dFfNL5pSPYZIKPWGqn3VycqYi7E=
4,29,XH2dMNBXOtWnseO7K4BTjcn5rOQ=,dFfNL5pSPYZIKPWGqn3VycqYi7E=
5,28,XH2dMNBXOtWnseO7K4BTjcn5rOQ=,dFfNL5pSPYZIKPWGqn3VycqYi7E=
4,28,XH2dMNBXOtWnseO7K4BTjcn5rOQ=,dFfNL5pSPYZIKPWGqn3VycqYi7E=
3,28,XH2dMNBXOtWnseO7K4BTjcn5rOQ=,1pNp2dfvPPKOVRp1cU5hk4VCas4=
3,29,XH2dMNBXOtWnseO7K4BTjcn5rOQ=,1pNp2dfvPPKOVRp1cU5hk4VCas4=
2,28,XH2dMNBXOtWnseO7K4BTjcn5rOQ=,1pNp2dfvPPKOVRp1cU5hk4VCas4=
3,26,XH2dMNBXOtWnseO7K4BTjcn5rOQ=,JBiMsf3I3EvLBibE93goO5oMa6M=
5,27,XH2dMNBXOtWnseO7K4BTjcn5rOQ=,hfWPds3x/2Do7b9bMc89MklGzo4=
2,29,XH2dMNBXOtWnseO7K4BTjcn5rOQ=,1pNp2dfvPPKOVRp1cU5hk4VCas4=
2,26,XH2dMNBXOtWnseO7K4BTjcn5rOQ=,JBiMsf3I3EvLBibE93goO5oMa6M=
3,27,XH2dMNBXOtWnseO7K4BTjcn5rOQ=,JBiMsf3I3EvLBibE93goO5oMa6M=
4,27,XH2dMNBXOtWnseO7K4BTjcn5rOQ=,hfWPds3x/2Do7b9bMc89MklGzo4=
5,26,XH2dMNBXOtWnseO7K4BTjcn5rOQ=,hfWPds3x/2Do7b9bMc89MklGzo4=
2,27,XH2dMNBXOtWnseO7K4BTjcn5rOQ=,JBiMsf3I3EvLBibE93goO5oMa6M=
8,26,OC0ZX62ntCxZfMcgLq4iVDQGVJM=,f7uGzSP+lViJ2mEezcyxi6Sx5aI=
9,26,OC0ZX62ntCxZfMcgLq4iVDQGVJM=,f7uGzSP+lViJ2mEezcyxi6Sx5aI=
10,26,OC0ZX62ntCxZfMcgLq4iVDQGVJM=,f7uGzSP+lViJ2mEezcyxi6Sx5aI=
11,26,OC0ZX62ntCxZfMcgLq4iVDQGVJM=,f7uGzSP+lViJ2mEezcyxi6Sx5aI=
7,29,OC0ZX62ntCxZfMcgLq4iVDQGVJM=,dFfNL5pSPYZIKPWGqn3VycqYi7E=
6,29,OC0ZX62ntCxZfMcgLq4iVDQGVJM=,dFfNL5pSPYZIKPWGqn3VycqYi7E=
7,27,OC0ZX62ntCxZfMcgLq4iVDQGVJM=,hfWPds3x/2Do7b9bMc89MklGzo4=
13,27,/8I0g2bpPerjrMdKScpg4uM+5KQ=,PiZU1i3geO16kyIVapWnRPIeOpI=
6,28,/8I0g2bpPerjrMdKScpg4uM+5KQ=,dFfNL5pSPYZIKPWGqn3VycqYi7E=
12,27,/8I0g2bpPerjrMdKScpg4uM+5KQ=,PiZU1i3geO16kyIVapWnRPIeOpI=
6,27,/8I0g2bpPerjrMdKScpg4uM+5KQ=,hfWPds3x/2Do7b9bMc89MklGzo4=
11,29,/8I0g2bpPerjrMdKScpg4uM+5KQ=,pnoYjfK9B5tQ33znhnx9wNtCE6o=
8,29,/8I0g2bpPerjrMdKScpg4uM+5KQ=,pnoYjfK9B5tQ33znhnx9wNtCE6o=
9,29,/8I0g2bpPerjrMdKScpg4uM+5KQ=,pnoYjfK9B5tQ33znhnx9wNtCE6o=
13,26,/8I0g2bpPerjrMdKScpg4uM+5KQ=,PiZU1i3geO16kyIVapWnRPIeOpI=
12,26,/8I0g2bpPerjrMdKScpg4uM+5KQ=,PiZU1i3geO16kyIVapWnRPIeOpI=
7,26,/8I0g2bpPerjrMdKScpg4uM+5KQ=,hfWPds3x/2Do7b9bMc89MklGzo4=
10,28,/8I0g2bpPerjrMdKScpg4uM+5KQ=,pnoYjfK9B5tQ33znhnx9wNtCE6o=
6,26,/8I0g2bpPerjrMdKScpg4uM+5KQ=,hfWPds3x/2Do7b9bMc89MklGzo4=
8,28,/8I0g2bpPerjrMdKScpg4uM+5KQ=,pnoYjfK9B5tQ33znhnx9wNtCE6o=
9,28,/8I0g2bpPerjrMdKScpg4uM+5KQ=,pnoYjfK9B5tQ33znhnx9wNtCE6o=
9,27,/8I0g2bpPerjrMdKScpg4uM+5KQ=,f7uGzSP+lViJ2mEezcyxi6Sx5aI=
10,27,/8I0g2bpPerjrMdKScpg4uM+5KQ=,f7uGzSP+lViJ2mEezcyxi6Sx5aI=
8,27,/8I0g2bpPerjrMdKScpg4uM+5KQ=,f7uGzSP+lViJ2mEezcyxi6Sx5aI=
11,27,/8I0g2bpPerjrMdKScpg4uM+5KQ=,f7uGzSP+lViJ2mEezcyxi6Sx5aI=
11,28,/8I0g2bpPerjrMdKScpg4uM+5KQ=,pnoYjfK9B5tQ33znhnx9wNtCE6o=
7,28,/8I0g2bpPerjrMdKScpg4uM+5KQ=,dFfNL5pSPYZIKPWGqn3VycqYi7E=
10,29,/8I0g2bpPerjrMdKScpg4uM+5KQ=,pnoYjfK9B5tQ33znhnx9wNtCE6o=
2,23,cwFRp0hgTlNEVqj1yDd6SGjQHrY=,oA0kZKmEgpy06tLPidzJHSUDZ3Q=
3,23,cwFRp0hgTlNEVqj1yDd6SGjQHrY=,oA0kZKmEgpy06tLPidzJHSUDZ3Q=
3,22,cwFRp0hgTlNEVqj1yDd6SGjQHrY=,oA0kZKmEgpy06tLPidzJHSUDZ3Q=
2,22,cwFRp0hgTlNEVqj1yDd6SGjQHrY=,oA0kZKmEgpy06tLPidzJHSUDZ3Q=
3,25,cwFRp0hgTlNEVqj1yDd6SGjQHrY=,JBiMsf3I3EvLBibE93goO5oMa6M=
2,25,cwFRp0hgTlNEVqj1yDd6SGjQHrY=,JBiMsf3I3EvLBibE93goO5oMa6M=
5,25,cwFRp0hgTlNEVqj1yDd6SGjQHrY=,hfWPds3x/2Do7b9bMc89MklGzo4=
4,25,cwFRp0hgTlNEVqj1yDd6SGjQHrY=,hfWPds3x/2Do7b9bMc89MklGzo4=
5,24,cwFRp0hgTlNEVqj1yDd6SGjQHrY=,hfWPds3x/2Do7b9bMc89MklGzo4=
4,24,cwFRp0hgTlNEVqj1yDd6SGjQHrY=,hfWPds3x/2Do7b9bMc89MklGzo4=
3,24,cwFRp0hgTlNEVqj1yDd6SGjQHrY=,JBiMsf3I3EvLBibE93goO5oMa6M=
2,24,cwFRp0hgTlNEVqj1yDd6SGjQHrY=,JBiMsf3I3EvLBibE93goO5oMa6M=
4,30,O4LBkx65wwJIQg48sKm5YPRhaHw=,dFfNL5pSPYZIKPWGqn3VycqYi7E=
5,30,O4LBkx65wwJIQg48sKm5YPRhaHw=,dFfNL5pSPYZIKPWGqn3VycqYi7E=
4,31,O4LBkx65wwJIQg48sKm5YPRhaHw=,dFfNL5pSPYZIKPWGqn3VycqYi7E=
5,31,O4LBkx65wwJIQg48sKm5YPRhaHw=,dFfNL5pSPYZIKPWGqn3VycqYi7E=
2,31,O4LBkx65wwJIQg48sKm5YPRhaHw=,1pNp2dfvPPKOVRp1cU5hk4VCas4=
3,30,O4LBkx65wwJIQg48sKm5YPRhaHw=,1pNp2dfvPPKOVRp1cU5hk4VCas4=
2,30,O4LBkx65wwJIQg48sKm5YPRhaHw=,1pNp2dfvPPKOVRp1cU5hk4VCas4=
3,31,O4LBkx65wwJIQg48sKm5YPRhaHw=,1pNp2dfvPPKOVRp1cU5hk4VCas4=
3,21,O4LBkx65wwJIQg48sKm5YPRhaHw=,oA0kZKmEgpy06tLPidzJHSUDZ3Q=
2,21,O4LBkx65wwJIQg48sKm5YPRhaHw=,oA0kZKmEgpy06tLPidzJHSUDZ3Q=
3,20,O4LBkx65wwJIQg48sKm5YPRhaHw=,oA0kZKmEgpy06tLPidzJHSUDZ3Q=
3,19,O4LBkx65wwJIQg48sKm5YPRhaHw=,ifDEm7sl7Wn4if0zVoprzp/rp/Q=
3,18,O4LBkx65wwJIQg48sKm5YPRhaHw=,ifDEm7sl7Wn4if0zVoprzp/rp/Q=
2,19,O4LBkx65wwJIQg48sKm5YPRhaHw=,ifDEm7sl7Wn4if0zVoprzp/rp/Q=
2,20,O4LBkx65wwJIQg48sKm5YPRhaHw=,oA0kZKmEgpy06tLPidzJHSUDZ3Q=
2,18,O4LBkx65wwJIQg48sKm5YPRhaHw=,ifDEm7sl7Wn4if0zVoprzp/rp/Q=
8,24,8mhqwjAr7shybOk5eaaKEajv85g=,f7uGzSP+lViJ2mEezcyxi6Sx5aI=
7,25,8mhqwjAr7shybOk5eaaKEajv85g=,hfWPds3x/2Do7b9bMc89MklGzo4=
6,25,8mhqwjAr7shybOk5eaaKEajv85g=,hfWPds3x/2Do7b9bMc89MklGzo4=
7,24,8mhqwjAr7shybOk5eaaKEajv85g=,hfWPds3x/2Do7b9bMc89MklGzo4=
6,24,8mhqwjAr7shybOk5eaaKEajv85g=,hfWPds3x/2Do7b9bMc89MklGzo4=
9,25,8mhqwjAr7shybOk5eaaKEajv85g=,f7uGzSP+lViJ2mEezcyxi6Sx5aI=
8,25,8mhqwjAr7shybOk5eaaKEajv85g=,f7uGzSP+lViJ2mEezcyxi6Sx5aI=
9,24,8mhqwjAr7shybOk5eaaKEajv85g=,f7uGzSP+lViJ2mEezcyxi6Sx5aI=
14,26,8mhqwjAr7shybOk5eaaKEajv85g=,PiZU1i3geO16kyIVapWnRPIeOpI=
15,26,8mhqwjAr7shybOk5eaaKEajv85g=,PiZU1i3geO16kyIVapWnRPIeOpI=
14,27,FdzxcuMl8ocxXjnHIyHBm3v9xPs=,PiZU1i3geO16kyIVapWnRPIeOpI=
15,27,FdzxcuMl8ocxXjnHIyHBm3v9xPs=,PiZU1i3geO16kyIVapWnRPIeOpI=
12,24,FdzxcuMl8ocxXjnHIyHBm3v9xPs=,PiZU1i3geO16kyIVapWnRPIeOpI=
13,24,FdzxcuMl8ocxXjnHIyHBm3v9xPs=,PiZU1i3geO16kyIVapWnRPIeOpI=
11,25,FdzxcuMl8ocxXjnHIyHBm3v9xPs=,f7uGzSP+lViJ2mEezcyxi6Sx5aI=
10,25,FdzxcuMl8ocxXjnHIyHBm3v9xPs=,f7uGzSP+lViJ2mEezcyxi6Sx5aI=
11,24,FdzxcuMl8ocxXjnHIyHBm3v9xPs=,f7uGzSP+lViJ2mEezcyxi6Sx5aI=
13,25,FdzxcuMl8ocxXjnHIyHBm3v9xPs=,PiZU1i3geO16kyIVapWnRPIeOpI=
12,25,FdzxcuMl8ocxXjnHIyHBm3v9xPs=,PiZU1i3geO16kyIVapWnRPIeOpI=
10,24,FdzxcuMl8ocxXjnHIyHBm3v9xPs=,f7uGzSP+lViJ2mEezcyxi6Sx5aI=
0,23,dkohmCU1olISJoQAZf6YjFct61s=,oA0kZKmEgpy06tLPidzJHSUDZ3Q=
0,25,dkohmCU1olISJoQAZf6YjFct61s=,JBiMsf3I3EvLBibE93goO5oMa6M=
1,25,dkohmCU1olISJoQAZf6YjFct61s=,JBiMsf3I3EvLBibE93goO5oMa6M=
0,24,dkohmCU1olISJoQAZf6YjFct61s=,JBiMsf3I3EvLBibE93goO5oMa6M=
0,22,dkohmCU1olISJoQAZf6YjFct61s=,oA0kZKmEgpy06tLPidzJHSUDZ3Q=
1,24,dkohmCU1olISJoQAZf6YjFct61s=,JBiMsf3I3EvLBibE93goO5oMa6M=
1,23,dkohmCU1olISJoQAZf6YjFct61s=,oA0kZKmEgpy06tLPidzJHSUDZ3Q=
1,22,dkohmCU1olISJoQAZf6YjFct61s=,oA0kZKmEgpy06tLPidzJHSUDZ3Q=
3,16,dkohmCU1olISJoQAZf6YjFct61s=,ifDEm7sl7Wn4if0zVoprzp/rp/Q=
3,17,dkohmCU1olISJoQAZf6YjFct61s=,ifDEm7sl7Wn4if0zVoprzp/rp/Q=
0,27,dkohmCU1olISJoQAZf6YjFct61s=,JBiMsf3I3EvLBibE93goO5oMa6M=
0,26,dkohmCU1olISJoQAZf6YjFct61s=,JBiMsf3I3EvLBibE93goO5oMa6M=
0,28,dkohmCU1olISJoQAZf6YjFct61s=,1pNp2dfvPPKOVRp1cU5hk4VCas4=
1,28,dkohmCU1olISJoQAZf6YjFct61s=,1pNp2dfvPPKOVRp1cU5hk4VCas4=
1,29,dkohmCU1olISJoQAZf6YjFct61s=,1pNp2dfvPPKOVRp1cU5hk4VCas4=
0,29,dkohmCU1olISJoQAZf6YjFct61s=,1pNp2dfvPPKOVRp1cU5hk4VCas4=
1,26,dkohmCU1olISJoQAZf6YjFct61s=,JBiMsf3I3EvLBibE93goO5oMa6M=
1,27,dkohmCU1olISJoQAZf6YjFct61s=,JBiMsf3I3EvLBibE93goO5oMa6M=
0,31,dkohmCU1olISJoQAZf6YjFct61s=,1pNp2dfvPPKOVRp1cU5hk4VCas4=
1,31,dkohmCU1olISJoQAZf6YjFct61s=,1pNp2dfvPPKOVRp1cU5hk4VCas4=
0,30,dkohmCU1olISJoQAZf6YjFct61s=,1pNp2dfvPPKOVRp1cU5hk4VCas4=
1,30,dkohmCU1olISJoQAZf6YjFct61s=,1pNp2dfvPPKOVRp1cU5hk4VCas4=
14,24,dkohmCU1olISJoQAZf6YjFct61s=,PiZU1i3geO16kyIVapWnRPIeOpI=
15,24,f4h86ZcKxorK0/QdOoZZCGaOqSM=,PiZU1i3geO16kyIVapWnRPIeOpI=
2,17,f4h86ZcKxorK0/QdOoZZCGaOqSM=,ifDEm7sl7Wn4if0zVoprzp/rp/Q=
15,25,f4h86ZcKxorK0/QdOoZZCGaOqSM=,PiZU1i3geO16kyIVapWnRPIeOpI=
14,25,f4h86ZcKxorK0/QdOoZZCGaOqSM=,PiZU1i3geO16kyIVapWnRPIeOpI=
2,16,f4h86ZcKxorK0/QdOoZZCGaOqSM=,ifDEm7sl7Wn4if0zVoprzp/rp/Q=
0,18,Y8Jtx7Wqipc7jKi71PaFhOc8dqY=,ifDEm7sl7Wn4if0zVoprzp/rp/Q=
1,17,Y8Jtx7Wqipc7jKi71PaFhOc8dqY=,ifDEm7sl7Wn4if0zVoprzp/rp/Q=
1,16,Y8Jtx7Wqipc7jKi71PaFhOc8dqY=,ifDEm7sl7Wn4if0zVoprzp/rp/Q=
0,17,Y8Jtx7Wqipc7jKi71PaFhOc8dqY=,ifDEm7sl7Wn4if0zVoprzp/rp/Q=
0,19,Y8Jtx7Wqipc7jKi71PaFhOc8dqY=,ifDEm7sl7Wn4if0zVoprzp/rp/Q=
1,18,Y8Jtx7Wqipc7jKi71PaFhOc8dqY=,ifDEm7sl7Wn4if0zVoprzp/rp/Q=
0,20,Y8Jtx7Wqipc7jKi71PaFhOc8dqY=,oA0kZKmEgpy06tLPidzJHSUDZ3Q=
1,21,Y8Jtx7Wqipc7jKi71PaFhOc8dqY=,oA0kZKmEgpy06tLPidzJHSUDZ3Q=
1,20,Y8Jtx7Wqipc7jKi71PaFhOc8dqY=,oA0kZKmEgpy06tLPidzJHSUDZ3Q=
0,21,Y8Jtx7Wqipc7jKi71PaFhOc8dqY=,oA0kZKmEgpy06tLPidzJHSUDZ3Q=
1,19,Y8Jtx7Wqipc7jKi71PaFhOc8dqY=,ifDEm7sl7Wn4if0zVoprzp/rp/Q=
8,30,Y8Jtx7Wqipc7jKi71PaFhOc8dqY=,pnoYjfK9B5tQ33znhnx9wNtCE6o=
9,30,Y8Jtx7Wqipc7jKi71PaFhOc8dqY=,pnoYjfK9B5tQ33znhnx9wNtCE6o=
6,30,Y8Jtx7Wqipc7jKi71PaFhOc8dqY=,dFfNL5pSPYZIKPWGqn3VycqYi7E=
7,30,Y8Jtx7Wqipc7jKi71PaFhOc8dqY=,dFfNL5pSPYZIKPWGqn3VycqYi7E=
8,31,Y8Jtx7Wqipc7jKi71PaFhOc8dqY=,pnoYjfK9B5tQ33znhnx9wNtCE6o=
6,31,Y8Jtx7Wqipc7jKi71PaFhOc8dqY=,dFfNL5pSPYZIKPWGqn3VycqYi7E=
7,31,Y8Jtx7Wqipc7jKi71PaFhOc8dqY=,dFfNL5pSPYZIKPWGqn3VycqYi7E=
10,31,Y8Jtx7Wqipc7jKi71PaFhOc8dqY=,pnoYjfK9B5tQ33znhnx9wNtCE6o=
11,31,Y8Jtx7Wqipc7jKi71PaFhOc8dqY=,pnoYjfK9B5tQ33znhnx9wNtCE6o=
9,31,Y8Jtx7Wqipc7jKi71PaFhOc8dqY=,pnoYjfK9B5tQ33znhnx9wNtCE6o=
0,16,Y8Jtx7Wqipc7jKi71PaFhOc8dqY=,ifDEm7sl7Wn4if0zVoprzp/rp/Q=
11,30,Y8Jtx7Wqipc7jKi71PaFhOc8dqY=,pnoYjfK9B5tQ33znhnx9wNtCE6o=
10,30,Y8Jtx7Wqipc7jKi71PaFhOc8dqY=,pnoYjfK9B5tQ33znhnx9wNtCE6o=
26,4,vmK6GSbVwKrxkN5zTpbbgO/kde4=,ITiakKK5A6cXMmdExBK18r4KPFQ=
27,4,vmK6GSbVwKrxkN5zTpbbgO/kde4=,ITiakKK5A6cXMmdExBK18r4KPFQ=
27,3,vmK6GSbVwKrxkN5zTpbbgO/kde4=,7VAX78H6f30MUwd0EjrD3GmytU0=
26,2,vmK6GSbVwKrxkN5zTpbbgO/kde4=,7VAX78H6f30MUwd0EjrD3GmytU0=
29,5,vmK6GSbVwKrxkN5zTpbbgO/kde4=,PtVFOUOaDJ3+XgGJDCbrXM+nsDc=
29,2,vmK6GSbVwKrxkN5zTpbbgO/kde4=,JvTx6baclJfaw+qnB4aBkmDoFKk=
28,5,vmK6GSbVwKrxkN5zTpbbgO/kde4=,PtVFOUOaDJ3+XgGJDCbrXM+nsDc=
26,5,vmK6GSbVwKrxkN5zTpbbgO/kde4=,ITiakKK5A6cXMmdExBK18r4KPFQ=
27,5,vmK6GSbVwKrxkN5zTpbbgO/kde4=,ITiakKK5A6cXMmdExBK18r4KPFQ=
28,3,vmK6GSbVwKrxkN5zTpbbgO/kde4=,JvTx6baclJfaw+qnB4aBkmDoFKk=
27,2,vmK6GSbVwKrxkN5zTpbbgO/kde4=,7VAX78H6f30MUwd0EjrD3GmytU0=
28,4,vmK6GSbVwKrxkN5zTpbbgO/kde4=,PtVFOUOaDJ3+XgGJDCbrXM+nsDc=
29,4,vmK6GSbVwKrxkN5zTpbbgO/kde4=,PtVFOUOaDJ3+XgGJDCbrXM+nsDc=
29,3,vmK6GSbVwKrxkN5zTpbbgO/kde4=,JvTx6baclJfaw+qnB4aBkmDoFKk=
26,3,vmK6GSbVwKrxkN5zTpbbgO/kde4=,7VAX78H6f30MUwd0EjrD3GmytU0=
28,2,vmK6GSbVwKrxkN5zTpbbgO/kde4=,JvTx6baclJfaw+qnB4aBkmDoFKk=
21,9,Lt17b7alZT8qO6ryEk5dLITlSME=,GW70fT3N03SL9Xv2oOC+kMPwv3c=
20,9,Lt17b7alZT8qO6ryEk5dLITlSME=,GW70fT3N03SL9Xv2oOC+kMPwv3c=
19,8,Lt17b7alZT8qO6ryEk5dLITlSME=,oWMdyDVbJS7CPd5WjGZ7jGMMnJo=
21,8,Lt17b7alZT8qO6ryEk5dLITlSME=,GW70fT3N03SL9Xv2oOC+kMPwv3c=
20,7,Lt17b7alZT8qO6ryEk5dLITlSME=,zmYDcUaQ5NVXVohCGvrK/3dXyCs=
20,8,Lt17b7alZT8qO6ryEk5dLITlSME=,GW70fT3N03SL9Xv2oOC+kMPwv3c=
18,8,Lt17b7alZT8qO6ryEk5dLITlSME=,oWMdyDVbJS7CPd5WjGZ7jGMMnJo=
21,7,Lt17b7alZT8qO6ryEk5dLITlSME=,zmYDcUaQ5NVXVohCGvrK/3dXyCs=
18,9,Lt17b7alZT8qO6ryEk5dLITlSME=,oWMdyDVbJS7CPd5WjGZ7jGMMnJo=
19,7,Lt17b7alZT8qO6ryEk5dLITlSME=,7gUZ6wx2mCjTHB882wgFinBLHok=
18,7,Lt17b7alZT8qO6ryEk5dLITlSME=,7gUZ6wx2mCjTHB882wgFinBLHok=
19,6,Lt17b7alZT8qO6ryEk5dLITlSME=,7gUZ6wx2mCjTHB882wgFinBLHok=
19,9,Lt17b7alZT8qO6ryEk5dLITlSME=,oWMdyDVbJS7CPd5WjGZ7jGMMnJo=
20,6,Lt17b7alZT8qO6ryEk5dLITlSME=,zmYDcUaQ5NVXVohCGvrK/3dXyCs=
21,6,Lt17b7alZT8qO6ryEk5dLITlSME=,zmYDcUaQ5NVXVohCGvrK/3dXyCs=
18,6,Lt17b7alZT8qO6ryEk5dLITlSME=,7gUZ6wx2mCjTHB882wgFinBLHok=
28,8,aj+8wOTzzsgLdwAGmkBot4NYYX8=,ph3+mMWDhN6+WlRL8Z9XnMGbQjg=
29,7,aj+8wOTzzsgLdwAGmkBot4NYYX8=,PtVFOUOaDJ3+XgGJDCbrXM+nsDc=
28,7,aj+8wOTzzsgLdwAGmkBot4NYYX8=,PtVFOUOaDJ3+XgGJDCbrXM+nsDc=
27,7,aj+8wOTzzsgLdwAGmkBot4NYYX8=,ITiakKK5A6cXMmdExBK18r4KPFQ=
29,6,aj+8wOTzzsgLdwAGmkBot4NYYX8=,PtVFOUOaDJ3+XgGJDCbrXM+nsDc=
28,6,aj+8wOTzzsgLdwAGmkBot4NYYX8=,PtVFOUOaDJ3+XgGJDCbrXM+nsDc=
23,9,aj+8wOTzzsgLdwAGmkBot4NYYX8=,GW70fT3N03SL9Xv2oOC+kMPwv3c=
22,9,aj+8wOTzzsgLdwAGmkBot4NYYX8=,GW70fT3N03SL9Xv2oOC+kMPwv3c=
24,7,aj+8wOTzzsgLdwAGmkBot4NYYX8=,ITiakKK5A6cXMmdExBK18r4KPFQ=
27,6,aj+8wOTzzsgLdwAGmkBot4NYYX8=,ITiakKK5A6cXMmdExBK18r4KPFQ=
23,8,aj+8wOTzzsgLdwAGmkBot4NYYX8=,GW70fT3N03SL9Xv2oOC+kMPwv3c=
26,7,aj+8wOTzzsgLdwAGmkBot4NYYX8=,ITiakKK5A6cXMmdExBK18r4KPFQ=
26,6,aj+8wOTzzsgLdwAGmkBot4NYYX8=,ITiakKK5A6cXMmdExBK18r4KPFQ=
22,6,aj+8wOTzzsgLdwAGmkBot4NYYX8=,zmYDcUaQ5NVXVohCGvrK/3dXyCs=
22,8,aj+8wOTzzsgLdwAGmkBot4NYYX8=,GW70fT3N03SL9Xv2oOC+kMPwv3c=
25,9,aj+8wOTzzsgLdwAGmkBot4NYYX8=,hSeorvifZS2ORL3ODfHY9nzSfD4=
24,9,aj+8wOTzzsgLdwAGmkBot4NYYX8=,hSeorvifZS2ORL3ODfHY9nzSfD4=
26,9,aj+8wOTzzsgLdwAGmkBot4NYYX8=,hSeorvifZS2ORL3ODfHY9nzSfD4=
27,8,aj+8wOTzzsgLdwAGmkBot4NYYX8=,hSeorvifZS2ORL3ODfHY9nzSfD4=
29,8,aj+8wOTzzsgLdwAGmkBot4NYYX8=,ph3+mMWDhN6+WlRL8Z9XnMGbQjg=
27,9,aj+8wOTzzsgLdwAGmkBot4NYYX8=,hSeorvifZS2ORL3ODfHY9nzSfD4=
25,7,aj+8wOTzzsgLdwAGmkBot4NYYX8=,ITiakKK5A6cXMmdExBK18r4KPFQ=
23,6,aj+8wOTzzsgLdwAGmkBot4NYYX8=,zmYDcUaQ5NVXVohCGvrK/3dXyCs=
29,9,aj+8wOTzzsgLdwAGmkBot4NYYX8=,ph3+mMWDhN6+WlRL8Z9XnMGbQjg=
28,9,aj+8wOTzzsgLdwAGmkBot4NYYX8=,ph3+mMWDhN6+WlRL8Z9XnMGbQjg=
23,7,aj+8wOTzzsgLdwAGmkBot4NYYX8=,zmYDcUaQ5NVXVohCGvrK/3dXyCs=
24,8,aj+8wOTzzsgLdwAGmkBot4NYYX8=,hSeorvifZS2ORL3ODfHY9nzSfD4=
25,6,aj+8wOTzzsgLdwAGmkBot4NYYX8=,ITiakKK5A6cXMmdExBK18r4KPFQ=
22,7,aj+8wOTzzsgLdwAGmkBot4NYYX8=,zmYDcUaQ5NVXVohCGvrK/3dXyCs=
24,6,aj+8wOTzzsgLdwAGmkBot4NYYX8=,ITiakKK5A6cXMmdExBK18r4KPFQ=
26,8,aj+8wOTzzsgLdwAGmkBot4NYYX8=,hSeorvifZS2ORL3ODfHY9nzSfD4=
25,8,aj+8wOTzzsgLdwAGmkBot4NYYX8=,hSeorvifZS2ORL3ODfHY9nzSfD4=
22,12,aj+8wOTzzsgLdwAGmkBot4NYYX8=,sXjvO1vtu31TsBYnSTdQIaiKf1U=
23,12,aj+8wOTzzsgLdwAGmkBot4NYYX8=,sXjvO1vtu31TsBYnSTdQIaiKf1U=
23,13,aj+8wOTzzsgLdwAGmkBot4NYYX8=,sXjvO1vtu31TsBYnSTdQIaiKf1U=
22,13,aj+8wOTzzsgLdwAGmkBot4NYYX8=,sXjvO1vtu31TsBYnSTdQIaiKf1U=
23,11,aj+8wOTzzsgLdwAGmkBot4NYYX8=,GW70fT3N03SL9Xv2oOC+kMPwv3c=
24,10,aj+8wOTzzsgLdwAGmkBot4NYYX8=,hSeorvifZS2ORL3ODfHY9nzSfD4=
25,10,aj+8wOTzzsgLdwAGmkBot4NYYX8=,hSeorvifZS2ORL3ODfHY9nzSfD4=
22,11,aj+8wOTzzsgLdwAGmkBot4NYYX8=,GW70fT3N03SL9Xv2oOC+kMPwv3c=
23,10,aj+8wOTzzsgLdwAGmkBot4NYYX8=,GW70fT3N03SL9Xv2oOC+kMPwv3c=
25,11,aj+8wOTzzsgLdwAGmkBot4NYYX8=,hSeorvifZS2ORL3ODfHY9nzSfD4=
22,10,aj+8wOTzzsgLdwAGmkBot4NYYX8=,GW70fT3N03SL9Xv2oOC+kMPwv3c=
24,11,aj+8wOTzzsgLdwAGmkBot4NYYX8=,hSeorvifZS2ORL3ODfHY9nzSfD4=
21,11,aj+8wOTzzsgLdwAGmkBot4NYYX8=,GW70fT3N03SL9Xv2oOC+kMPwv3c=
20,11,aj+8wOTzzsgLdwAGmkBot4NYYX8=,GW70fT3N03SL9Xv2oOC+kMPwv3c=
21,10,aj+8wOTzzsgLdwAGmkBot4NYYX8=,GW70fT3N03SL9Xv2oOC+kMPwv3c=
20,10,aj+8wOTzzsgLdwAGmkBot4NYYX8=,GW70fT3N03SL9Xv2oOC+kMPwv3c=
21,13,aj+8wOTzzsgLdwAGmkBot4NYYX8=,sXjvO1vtu31TsBYnSTdQIaiKf1U=
20,13,aj+8wOTzzsgLdwAGmkBot4NYYX8=,sXjvO1vtu31TsBYnSTdQIaiKf1U=
18,10,aj+8wOTzzsgLdwAGmkBot4NYYX8=,oWMdyDVbJS7CPd5WjGZ7jGMMnJo=
21,12,aj+8wOTzzsgLdwAGmkBot4NYYX8=,sXjvO1vtu31TsBYnSTdQIaiKf1U=
20,12,aj+8wOTzzsgLdwAGmkBot4NYYX8=,sXjvO1vtu31TsBYnSTdQIaiKf1U=
18,11,aj+8wOTzzsgLdwAGmkBot4NYYX8=,oWMdyDVbJS7CPd5WjGZ7jGMMnJo=
19,11,aj+8wOTzzsgLdwAGmkBot4NYYX8=,oWMdyDVbJS7CPd5WjGZ7jGMMnJo=
19,10,aj+8wOTzzsgLdwAGmkBot4NYYX8=,oWMdyDVbJS7CPd5WjGZ7jGMMnJo=
24,4,BrA8jeJ/FeAlMQ5gCfvSFJ/VIzM=,ITiakKK5A6cXMmdExBK18r4KPFQ=
25,3,BrA8jeJ/FeAlMQ5gCfvSFJ/VIzM=,7VAX78H6f30MUwd0EjrD3GmytU0=
24,3,BrA8jeJ/FeAlMQ5gCfvSFJ/VIzM=,7VAX78H6f30MUwd0EjrD3GmytU0=
23,4,BrA8jeJ/FeAlMQ5gCfvSFJ/VIzM=,zmYDcUaQ5NVXVohCGvrK/3dXyCs=
23,3,BrA8jeJ/FeAlMQ5gCfvSFJ/VIzM=,A+g9dwHziOSip09N3NkWb4Vf7Bo=
22,4,BrA8jeJ/FeAlMQ5gCfvSFJ/VIzM=,zmYDcUaQ5NVXVohCGvrK/3dXyCs=
24,2,BrA8jeJ/FeAlMQ5gCfvSFJ/VIzM=,7VAX78H6f30MUwd0EjrD3GmytU0=
23,5,BrA8jeJ/FeAlMQ5gCfvSFJ/VIzM=,zmYDcUaQ5NVXVohCGvrK/3dXyCs=
25,2,BrA8jeJ/FeAlMQ5gCfvSFJ/VIzM=,7VAX78H6f30MUwd0EjrD3GmytU0=
22,3,BrA8jeJ/FeAlMQ5gCfvSFJ/VIzM=,A+g9dwHziOSip09N3NkWb4Vf7Bo=
25,4,BrA8jeJ/FeAlMQ5gCfvSFJ/VIzM=,ITiakKK5A6cXMmdExBK18r4KPFQ=
23,2,BrA8jeJ/FeAlMQ5gCfvSFJ/VIzM=,A+g9dwHziOSip09N3NkWb4Vf7Bo=
22,2,BrA8jeJ/FeAlMQ5gCfvSFJ/VIzM=,A+g9dwHziOSip09N3NkWb4Vf7Bo=
22,5,BrA8jeJ/FeAlMQ5gCfvSFJ/VIzM=,zmYDcUaQ5NVXVohCGvrK/3dXyCs=
25,5,BrA8jeJ/FeAlMQ5gCfvSFJ/VIzM=,ITiakKK5A6cXMmdExBK18r4KPFQ=
24,5,BrA8jeJ/FeAlMQ5gCfvSFJ/VIzM=,ITiakKK5A6cXMmdExBK18r4KPFQ=
25,1,LWIA6e4IMe6QYAsauPjTbsv8+Yc=,7VAX78H6f30MUwd0EjrD3GmytU0=
26,1,MO21V93OotjiWyVsECaGLcYyV9c=,7VAX78H6f30MUwd0EjrD3GmytU0=
26,0,MO21V93OotjiWyVsECaGLcYyV9c=,7VAX78H6f30MUwd0EjrD3GmytU0=
28,0,MO21V93OotjiWyVsECaGLcYyV9c=,JvTx6baclJfaw+qnB4aBkmDoFKk=
27,1,MO21V93OotjiWyVsECaGLcYyV9c=,7VAX78H6f30MUwd0EjrD3GmytU0=
27,0,MO21V93OotjiWyVsECaGLcYyV9c=,7VAX78H6f30MUwd0EjrD3GmytU0=
25,0,MO21V93OotjiWyVsECaGLcYyV9c=,7VAX78H6f30MUwd0EjrD3GmytU0=
29,1,MO21V93OotjiWyVsECaGLcYyV9c=,JvTx6baclJfaw+qnB4aBkmDoFKk=
23,1,MO21V93OotjiWyVsECaGLcYyV9c=,A+g9dwHziOSip09N3NkWb4Vf7Bo=
24,1,MO21V93OotjiWyVsECaGLcYyV9c=,7VAX78H6f30MUwd0EjrD3GmytU0=
29,0,MO21V93OotjiWyVsECaGLcYyV9c=,JvTx6baclJfaw+qnB4aBkmDoFKk=
28,1,MO21V93OotjiWyVsECaGLcYyV9c=,JvTx6baclJfaw+qnB4aBkmDoFKk=
22,0,MO21V93OotjiWyVsECaGLcYyV9c=,A+g9dwHziOSip09N3NkWb4Vf7Bo=
23,0,MO21V93OotjiWyVsECaGLcYyV9c=,A+g9dwHziOSip09N3NkWb4Vf7Bo=
24,0,MO21V93OotjiWyVsECaGLcYyV9c=,7VAX78H6f30MUwd0EjrD3GmytU0=
22,1,MO21V93OotjiWyVsECaGLcYyV9c=,A+g9dwHziOSip09N3NkWb4Vf7Bo=
16,9,q1E9ziZ6mC5oyTup5arBpWofWQM=,oWMdyDVbJS7CPd5WjGZ7jGMMnJo=
17,8,q1E9ziZ6mC5oyTup5arBpWofWQM=,oWMdyDVbJS7CPd5WjGZ7jGMMnJo=
16,8,q1E9ziZ6mC5oyTup5arBpWofWQM=,oWMdyDVbJS7CPd5WjGZ7jGMMnJo=
16,6,q1E9ziZ6mC5oyTup5arBpWofWQM=,7gUZ6wx2mCjTHB882wgFinBLHok=
17,7,q1E9ziZ6mC5oyTup5arBpWofWQM=,7gUZ6wx2mCjTHB882wgFinBLHok=
17,6,q1E9ziZ6mC5oyTup5arBpWofWQM=,7gUZ6wx2mCjTHB882wgFinBLHok=
16,7,q1E9ziZ6mC5oyTup5arBpWofWQM=,7gUZ6wx2mCjTHB882wgFinBLHok=
17,9,q1E9ziZ6mC5oyTup5arBpWofWQM=,oWMdyDVbJS7CPd5WjGZ7jGMMnJo=
30,8,q1E9ziZ6mC5oyTup5arBpWofWQM=,ph3+mMWDhN6+WlRL8Z9XnMGbQjg=
31,8,q1E9ziZ6mC5oyTup5arBpWofWQM=,ph3+mMWDhN6+WlRL8Z9XnMGbQjg=
30,9,q1E9ziZ6mC5oyTup5arBpWofWQM=,ph3+mMWDhN6+WlRL8Z9XnMGbQjg=
31,9,q1E9ziZ6mC5oyTup5arBpWofWQM=,ph3+mMWDhN6+WlRL8Z9XnMGbQjg=
30,6,q1E9ziZ6mC5oyTup5arBpWofWQM=,PtVFOUOaDJ3+XgGJDCbrXM+nsDc=
31,7,q1E9ziZ6mC5oyTup5arBpWofWQM=,PtVFOUOaDJ3+XgGJDCbrXM+nsDc=
30,4,q1E9ziZ6mC5oyTup5arBpWofWQM=,PtVFOUOaDJ3+XgGJDCbrXM+nsDc=
30,7,q1E9ziZ6mC5oyTup5arBpWofWQM=,PtVFOUOaDJ3+XgGJDCbrXM+nsDc=
31,6,q1E9ziZ6mC5oyTup5arBpWofWQM=,PtVFOUOaDJ3+XgGJDCbrXM+nsDc=
31,3,q1E9ziZ6mC5oyTup5arBpWofWQM=,JvTx6baclJfaw+qnB4aBkmDoFKk=
30,3,q1E9ziZ6mC5oyTup5arBpWofWQM=,JvTx6baclJfaw+qnB4aBkmDoFKk=
31,2,q1E9ziZ6mC5oyTup5arBpWofWQM=,JvTx6baclJfaw+qnB4aBkmDoFKk=
30,2,q1E9ziZ6mC5oyTup5arBpWofWQM=,JvTx6baclJfaw+qnB4aBkmDoFKk=
22,14,q1E9ziZ6mC5oyTup5arBpWofWQM=,sXjvO1vtu31TsBYnSTdQIaiKf1U=
23,15,q1E9ziZ6mC5oyTup5arBpWofWQM=,sXjvO1vtu31TsBYnSTdQIaiKf1U=
22,15,q1E9ziZ6mC5oyTup5arBpWofWQM=,sXjvO1vtu31TsBYnSTdQIaiKf1U=
23,14,q1E9ziZ6mC5oyTup5arBpWofWQM=,sXjvO1vtu31TsBYnSTdQIaiKf1U=
31,5,q1E9ziZ6mC5oyTup5arBpWofWQM=,PtVFOUOaDJ3+XgGJDCbrXM+nsDc=
30,5,q1E9ziZ6mC5oyTup5arBpWofWQM=,PtVFOUOaDJ3+XgGJDCbrXM+nsDc=
31,4,q1E9ziZ6mC5oyTup5arBpWofWQM=,PtVFOUOaDJ3+XgGJDCbrXM+nsDc=
20,14,V5N1t2rMKAaz2qmHrdobuLu5yd8=,sXjvO1vtu31TsBYnSTdQIaiKf1U=
28,10,V5N1t2rMKAaz2qmHrdobuLu5yd8=,ph3+mMWDhN6+WlRL8Z9XnMGbQjg=
29,10,V5N1t2rMKAaz2qmHrdobuLu5yd8=,ph3+mMWDhN6+WlRL8Z9XnMGbQjg=
29,11,V5N1t2rMKAaz2qmHrdobuLu5yd8=,ph3+mMWDhN6+WlRL8Z9XnMGbQjg=
26,10,V5N1t2rMKAaz2qmHrdobuLu5yd8=,hSeorvifZS2ORL3ODfHY9nzSfD4=
28,11,V5N1t2rMKAaz2qmHrdobuLu5yd8=,ph3+mMWDhN6+WlRL8Z9XnMGbQjg=
27,11,V5N1t2rMKAaz2qmHrdobuLu5yd8=,hSeorvifZS2ORL3ODfHY9nzSfD4=
21,15,V5N1t2rMKAaz2qmHrdobuLu5yd8=,sXjvO1vtu31TsBYnSTdQIaiKf1U=
26,11,V5N1t2rMKAaz2qmHrdobuLu5yd8=,hSeorvifZS2ORL3ODfHY9nzSfD4=
20,15,V5N1t2rMKAaz2qmHrdobuLu5yd8=,sXjvO1vtu31TsBYnSTdQIaiKf1U=
21,14,V5N1t2rMKAaz2qmHrdobuLu5yd8=,sXjvO1vtu31TsBYnSTdQIaiKf1U=
27,10,V5N1t2rMKAaz2qmHrdobuLu5yd8=,hSeorvifZS2ORL3ODfHY9nzSfD4=
30,0,V5N1t2rMKAaz2qmHrdobuLu5yd8=,JvTx6baclJfaw+qnB4aBkmDoFKk=
31,0,V5N1t2rMKAaz2qmHrdobuLu5yd8=,JvTx6baclJfaw+qnB4aBkmDoFKk=
30,1,V5N1t2rMKAaz2qmHrdobuLu5yd8=,JvTx6baclJfaw+qnB4aBkmDoFKk=
31,1,V5N1t2rMKAaz2qmHrdobuLu5yd8=,JvTx6baclJfaw+qnB4aBkmDoFKk=
30,10,V5N1t2rMKAaz2qmHrdobuLu5yd8=,ph3+mMWDhN6+WlRL8Z9XnMGbQjg=
16,11,V5N1t2rMKAaz2qmHrdobuLu5yd8=,oWMdyDVbJS7CPd5WjGZ7jGMMnJo=
17,11,V5N1t2rMKAaz2qmHrdobuLu5yd8=,oWMdyDVbJS7CPd5WjGZ7jGMMnJo=
16,10,V5N1t2rMKAaz2qmHrdobuLu5yd8=,oWMdyDVbJS7CPd5WjGZ7jGMMnJo=
17,10,V5N1t2rMKAaz2qmHrdobuLu5yd8=,oWMdyDVbJS7CPd5WjGZ7jGMMnJo=
31,11,V5N1t2rMKAaz2qmHrdobuLu5yd8=,ph3+mMWDhN6+WlRL8Z9XnMGbQjg=
30,11,V5N1t2rMKAaz2qmHrdobuLu5yd8=,ph3+mMWDhN6+WlRL8Z9XnMGbQjg=
31,10,V5N1t2rMKAaz2qmHrdobuLu5yd8=,ph3+mMWDhN6+WlRL8Z9XnMGbQjg=
16,5,V5N1t2rMKAaz2qmHrdobuLu5yd8=,7gUZ6wx2mCjTHB882wgFinBLHok=
17,5,V5N1t2rMKAaz2qmHrdobuLu5yd8=,7gUZ6wx2mCjTHB882wgFinBLHok=
19,2,V5N1t2rMKAaz2qmHrdobuLu5yd8=,bpUnP2/2oseN0XHVpEypFzWSaSQ=
18,2,V5N1t2rMKAaz2qmHrdobuLu5yd8=,bpUnP2/2oseN0XHVpEypFzWSaSQ=
21,3,V5N1t2rMKAaz2qmHrdobuLu5yd8=,A+g9dwHziOSip09N3NkWb4Vf7Bo=
16,1,V5N1t2rMKAaz2qmHrdobuLu5yd8=,bpUnP2/2oseN0XHVpEypFzWSaSQ=
18,4,V5N1t2rMKAaz2qmHrdobuLu5yd8=,7gUZ6wx2mCjTHB882wgFinBLHok=
19,4,V5N1t2rMKAaz2qmHrdobuLu5yd8=,7gUZ6wx2mCjTHB882wgFinBLHok=
18,1,V5N1t2rMKAaz2qmHrdobuLu5yd8=,bpUnP2/2oseN0XHVpEypFzWSaSQ=
19,1,V5N1t2rMKAaz2qmHrdobuLu5yd8=,bpUnP2/2oseN0XHVpEypFzWSaSQ=
17,1,V5N1t2rMKAaz2qmHrdobuLu5yd8=,bpUnP2/2oseN0XHVpEypFzWSaSQ=
16,0,V5N1t2rMKAaz2qmHrdobuLu5yd8=,bpUnP2/2oseN0XHVpEypFzWSaSQ=
19,0,V5N1t2rMKAaz2qmHrdobuLu5yd8=,bpUnP2/2oseN0XHVpEypFzWSaSQ=
18,0,V5N1t2rMKAaz2qmHrdobuLu5yd8=,bpUnP2/2oseN0XHVpEypFzWSaSQ=
20,3,V5N1t2rMKAaz2qmHrdobuLu5yd8=,A+g9dwHziOSip09N3NkWb4Vf7Bo=
21,1,V5N1t2rMKAaz2qmHrdobuLu5yd8=,A+g9dwHziOSip09N3NkWb4Vf7Bo=
20,1,V5N1t2rMKAaz2qmHrdobuLu5yd8=,A+g9dwHziOSip09N3NkWb4Vf7Bo=
20,4,V5N1t2rMKAaz2qmHrdobuLu5yd8=,zmYDcUaQ5NVXVohCGvrK/3dXyCs=
17,0,V5N1t2rMKAaz2qmHrdobuLu5yd8=,bpUnP2/2oseN0XHVpEypFzWSaSQ=
17,2,V5N1t2rMKAaz2qmHrdobuLu5yd8=,bpUnP2/2oseN0XHVpEypFzWSaSQ=
21,4,V5N1t2rMKAaz2qmHrdobuLu5yd8=,zmYDcUaQ5NVXVohCGvrK/3dXyCs=
16,2,V5N1t2rMKAaz2qmHrdobuLu5yd8=,bpUnP2/2oseN0XHVpEypFzWSaSQ=
21,0,V5N1t2rMKAaz2qmHrdobuLu5yd8=,A+g9dwHziOSip09N3NkWb4Vf7Bo=
16,4,V5N1t2rMKAaz2qmHrdobuLu5yd8=,7gUZ6wx2mCjTHB882wgFinBLHok=
19,3,V5N1t2rMKAaz2qmHrdobuLu5yd8=,bpUnP2/2oseN0XHVpEypFzWSaSQ=
21,2,V5N1t2rMKAaz2qmHrdobuLu5yd8=,A+g9dwHziOSip09N3NkWb4Vf7Bo=
21,5,V5N1t2rMKAaz2qmHrdobuLu5yd8=,zmYDcUaQ5NVXVohCGvrK/3dXyCs=
20,5,V5N1t2rMKAaz2qmHrdobuLu5yd8=,zmYDcUaQ5NVXVohCGvrK/3dXyCs=
18,3,V5N1t2rMKAaz2qmHrdobuLu5yd8=,bpUnP2/2oseN0XHVpEypFzWSaSQ=
18,5,V5N1t2rMKAaz2qmHrdobuLu5yd8=,7gUZ6wx2mCjTHB882wgFinBLHok=
17,4,V5N1t2rMKAaz2qmHrdobuLu5yd8=,7gUZ6wx2mCjTHB882wgFinBLHok=
16,3,V5N1t2rMKAaz2qmHrdobuLu5yd8=,bpUnP2/2oseN0XHVpEypFzWSaSQ=
17,3,V5N1t2rMKAaz2qmHrdobuLu5yd8=,bpUnP2/2oseN0XHVpEypFzWSaSQ=
20,0,V5N1t2rMKAaz2qmHrdobuLu5yd8=,A+g9dwHziOSip09N3NkWb4Vf7Bo=
19,5,V5N1t2rMKAaz2qmHrdobuLu5yd8=,7gUZ6wx2mCjTHB882wgFinBLHok=
20,2,V5N1t2rMKAaz2qmHrdobuLu5yd8=,A+g9dwHziOSip09N3NkWb4Vf7Bo=
